{
	"partitions" : [
		{
			"name" : "Top",
			"pins" : [
				{
					"name" : "WriteData[0]",
					"strict" : false
				},
				{
					"name" : "WriteData[1]",
					"strict" : false
				},
				{
					"name" : "WriteData[2]",
					"strict" : false
				},
				{
					"name" : "WriteData[3]",
					"strict" : false
				},
				{
					"name" : "WriteData[4]",
					"strict" : false
				},
				{
					"name" : "WriteData[5]",
					"strict" : false
				},
				{
					"name" : "WriteData[6]",
					"strict" : false
				},
				{
					"name" : "WriteData[7]",
					"strict" : false
				},
				{
					"name" : "WriteData[8]",
					"strict" : false
				},
				{
					"name" : "WriteData[9]",
					"strict" : false
				},
				{
					"name" : "WriteData[10]",
					"strict" : false
				},
				{
					"name" : "WriteData[11]",
					"strict" : false
				},
				{
					"name" : "WriteData[12]",
					"strict" : false
				},
				{
					"name" : "WriteData[13]",
					"strict" : false
				},
				{
					"name" : "WriteData[14]",
					"strict" : false
				},
				{
					"name" : "WriteData[15]",
					"strict" : false
				},
				{
					"name" : "WriteData[16]",
					"strict" : false
				},
				{
					"name" : "WriteData[17]",
					"strict" : false
				},
				{
					"name" : "WriteData[18]",
					"strict" : false
				},
				{
					"name" : "WriteData[19]",
					"strict" : false
				},
				{
					"name" : "WriteData[20]",
					"strict" : false
				},
				{
					"name" : "WriteData[21]",
					"strict" : false
				},
				{
					"name" : "WriteData[22]",
					"strict" : false
				},
				{
					"name" : "WriteData[23]",
					"strict" : false
				},
				{
					"name" : "WriteData[24]",
					"strict" : false
				},
				{
					"name" : "WriteData[25]",
					"strict" : false
				},
				{
					"name" : "WriteData[26]",
					"strict" : false
				},
				{
					"name" : "WriteData[27]",
					"strict" : false
				},
				{
					"name" : "WriteData[28]",
					"strict" : false
				},
				{
					"name" : "WriteData[29]",
					"strict" : false
				},
				{
					"name" : "WriteData[30]",
					"strict" : false
				},
				{
					"name" : "WriteData[31]",
					"strict" : false
				},
				{
					"name" : "DataAdr[0]",
					"strict" : false
				},
				{
					"name" : "DataAdr[1]",
					"strict" : false
				},
				{
					"name" : "DataAdr[2]",
					"strict" : false
				},
				{
					"name" : "DataAdr[3]",
					"strict" : false
				},
				{
					"name" : "DataAdr[4]",
					"strict" : false
				},
				{
					"name" : "DataAdr[5]",
					"strict" : false
				},
				{
					"name" : "DataAdr[6]",
					"strict" : false
				},
				{
					"name" : "DataAdr[7]",
					"strict" : false
				},
				{
					"name" : "DataAdr[8]",
					"strict" : false
				},
				{
					"name" : "DataAdr[9]",
					"strict" : false
				},
				{
					"name" : "DataAdr[10]",
					"strict" : false
				},
				{
					"name" : "DataAdr[11]",
					"strict" : false
				},
				{
					"name" : "DataAdr[12]",
					"strict" : false
				},
				{
					"name" : "DataAdr[13]",
					"strict" : false
				},
				{
					"name" : "DataAdr[14]",
					"strict" : false
				},
				{
					"name" : "DataAdr[15]",
					"strict" : false
				},
				{
					"name" : "DataAdr[16]",
					"strict" : false
				},
				{
					"name" : "DataAdr[17]",
					"strict" : false
				},
				{
					"name" : "DataAdr[18]",
					"strict" : false
				},
				{
					"name" : "DataAdr[19]",
					"strict" : false
				},
				{
					"name" : "DataAdr[20]",
					"strict" : false
				},
				{
					"name" : "DataAdr[21]",
					"strict" : false
				},
				{
					"name" : "DataAdr[22]",
					"strict" : false
				},
				{
					"name" : "DataAdr[23]",
					"strict" : false
				},
				{
					"name" : "DataAdr[24]",
					"strict" : false
				},
				{
					"name" : "DataAdr[25]",
					"strict" : false
				},
				{
					"name" : "DataAdr[26]",
					"strict" : false
				},
				{
					"name" : "DataAdr[27]",
					"strict" : false
				},
				{
					"name" : "DataAdr[28]",
					"strict" : false
				},
				{
					"name" : "DataAdr[29]",
					"strict" : false
				},
				{
					"name" : "DataAdr[30]",
					"strict" : false
				},
				{
					"name" : "DataAdr[31]",
					"strict" : false
				},
				{
					"name" : "MemWrite",
					"strict" : false
				},
				{
					"name" : "PWM",
					"strict" : false
				},
				{
					"name" : "HEX2[0]",
					"strict" : false
				},
				{
					"name" : "HEX2[1]",
					"strict" : false
				},
				{
					"name" : "HEX2[2]",
					"strict" : false
				},
				{
					"name" : "HEX2[3]",
					"strict" : false
				},
				{
					"name" : "HEX2[4]",
					"strict" : false
				},
				{
					"name" : "HEX2[5]",
					"strict" : false
				},
				{
					"name" : "HEX2[6]",
					"strict" : false
				},
				{
					"name" : "HEX2[7]",
					"strict" : false
				},
				{
					"name" : "HEX1[0]",
					"strict" : false
				},
				{
					"name" : "HEX1[1]",
					"strict" : false
				},
				{
					"name" : "HEX1[2]",
					"strict" : false
				},
				{
					"name" : "HEX1[3]",
					"strict" : false
				},
				{
					"name" : "HEX1[4]",
					"strict" : false
				},
				{
					"name" : "HEX1[5]",
					"strict" : false
				},
				{
					"name" : "HEX1[6]",
					"strict" : false
				},
				{
					"name" : "HEX1[7]",
					"strict" : false
				},
				{
					"name" : "HEX0[0]",
					"strict" : false
				},
				{
					"name" : "HEX0[1]",
					"strict" : false
				},
				{
					"name" : "HEX0[2]",
					"strict" : false
				},
				{
					"name" : "HEX0[3]",
					"strict" : false
				},
				{
					"name" : "HEX0[4]",
					"strict" : false
				},
				{
					"name" : "HEX0[5]",
					"strict" : false
				},
				{
					"name" : "HEX0[6]",
					"strict" : false
				},
				{
					"name" : "HEX0[7]",
					"strict" : false
				},
				{
					"name" : "switches[0]",
					"strict" : false
				},
				{
					"name" : "clk",
					"strict" : false
				},
				{
					"name" : "nreset",
					"strict" : false
				},
				{
					"name" : "switches[6]",
					"strict" : false
				},
				{
					"name" : "switches[3]",
					"strict" : false
				},
				{
					"name" : "switches[8]",
					"strict" : false
				},
				{
					"name" : "switches[5]",
					"strict" : false
				},
				{
					"name" : "switches[2]",
					"strict" : false
				},
				{
					"name" : "switches[7]",
					"strict" : false
				},
				{
					"name" : "switches[4]",
					"strict" : false
				},
				{
					"name" : "switches[9]",
					"strict" : false
				},
				{
					"name" : "switches[1]",
					"strict" : false
				}
			]
		}
	]
}